_id,ETHNICITY,COVID_COUNT,COVID_DEATHS,COVID_TEST,COVID_COUNT_PCT,COVID_DEATHS_PCT,COVID_TEST_PCT
1,Hispanic or Latino,4409,40,10946,11.7200000000000006394884621840901672840118408203125,1.87000000000000010658141036401502788066864013671875,3.54000000000000003552713678800500929355621337890625
2,Not Hispanic or Latino,12610,1176,106876,33.52000000000000312638803734444081783294677734375,55.0799999999999982946974341757595539093017578125,34.530000000000001136868377216160297393798828125
3,Unknown,20604,919,191681,54.75999999999999801048033987171947956085205078125,43.03999999999999914734871708787977695465087890625,61.92999999999999971578290569595992565155029296875
