_id,ETHNICITY,COVID_COUNT,COVID_DEATHS,COVID_TEST,COVID_COUNT_PCT,COVID_DEATHS_PCT,COVID_TEST_PCT
1,Hispanic or Latino,4448,41,11156,11.699999999999999289457264239899814128875732421875,1.899999999999999911182158029987476766109466552734375,3.54000000000000003552713678800500929355621337890625
2,Not Hispanic or Latino,12726,1186,109671,33.46000000000000085265128291212022304534912109375,54.96000000000000085265128291212022304534912109375,34.77000000000000312638803734444081783294677734375
3,Unknown,20859,931,194563,54.840000000000003410605131648480892181396484375,43.1400000000000005684341886080801486968994140625,61.68999999999999772626324556767940521240234375
