_id,ETHNICITY,COVID_COUNT,COVID_DEATHS,COVID_TEST,COVID_COUNT_PCT,COVID_DEATHS_PCT,COVID_TEST_PCT
1,Hispanic or Latino,4769,43,12799,11.6300000000000007815970093361102044582366943359375,1.87999999999999989341858963598497211933135986328125,3.45000000000000017763568394002504646778106689453125
2,Not Hispanic or Latino,13668,1238,133445,33.3299999999999982946974341757595539093017578125,54.0799999999999982946974341757595539093017578125,35.9500000000000028421709430404007434844970703125
3,Unknown,22576,1008,224938,55.0499999999999971578290569595992565155029296875,44.03999999999999914734871708787977695465087890625,60.60000000000000142108547152020037174224853515625
