_id,ETHNICITY,COVID_COUNT,COVID_DEATHS,COVID_TEST,COVID_COUNT_PCT,COVID_DEATHS_PCT,COVID_TEST_PCT
1,Hispanic or Latino,4700,43,12360,11.6300000000000007815970093361102044582366943359375,1.9099999999999999200639422269887290894985198974609375,3.470000000000000195399252334027551114559173583984375
2,Not Hispanic or Latino,13480,1222,125173,33.340000000000003410605131648480892181396484375,54.28999999999999914734871708787977695465087890625,35.17999999999999971578290569595992565155029296875
3,Unknown,22250,986,218296,55.030000000000001136868377216160297393798828125,43.7999999999999971578290569595992565155029296875,61.35000000000000142108547152020037174224853515625
