_id,ETHNICITY,COVID_COUNT,COVID_DEATHS,COVID_TEST,COVID_COUNT_PCT,COVID_DEATHS_PCT,COVID_TEST_PCT
1,Hispanic or Latino,4740,43,12569,11.6199999999999992184029906638897955417633056640625,1.899999999999999911182158029987476766109466552734375,3.45999999999999996447286321199499070644378662109375
2,Not Hispanic or Latino,13575,1229,128726,33.280000000000001136868377216160297393798828125,54.25999999999999801048033987171947956085205078125,35.3900000000000005684341886080801486968994140625
3,Unknown,22471,993,222450,55.090000000000003410605131648480892181396484375,43.840000000000003410605131648480892181396484375,61.159999999999996589394868351519107818603515625
