_id,ETHNICITY,COVID_COUNT,COVID_DEATHS,COVID_TEST,COVID_COUNT_PCT,COVID_DEATHS_PCT,COVID_TEST_PCT
1,Hispanic or Latino,4470,42,11254,11.660000000000000142108547152020037174224853515625,1.9299999999999999378275106209912337362766265869140625,3.520000000000000017763568394002504646778106689453125
2,Not Hispanic or Latino,12836,1193,111463,33.47999999999999687361196265555918216705322265625,54.89999999999999857891452847979962825775146484375,34.82000000000000028421709430404007434844970703125
3,Unknown,21031,938,197377,54.8599999999999994315658113919198513031005859375,43.1700000000000017053025658242404460906982421875,61.659999999999996589394868351519107818603515625
