_id,ETHNICITY,COVID_COUNT,COVID_DEATHS,COVID_TEST,COVID_COUNT_PCT,COVID_DEATHS_PCT,COVID_TEST_PCT
1,Hispanic or Latino,4602,43,11845,11.7599999999999997868371792719699442386627197265625,1.939999999999999946709294817992486059665679931640625,3.529999999999999804600747665972448885440826416015625
2,Not Hispanic or Latino,13124,1210,117204,33.530000000000001136868377216160297393798828125,54.64999999999999857891452847979962825775146484375,34.969999999999998863131622783839702606201171875
3,Unknown,21420,961,206131,54.719999999999998863131622783839702606201171875,43.409999999999996589394868351519107818603515625,61.5
