_id,ETHNICITY,COVID_COUNT,COVID_DEATHS,COVID_TEST,COVID_COUNT_PCT,COVID_DEATHS_PCT,COVID_TEST_PCT
1,Hispanic or Latino,4857,45,13408,11.6300000000000007815970093361102044582366943359375,1.9299999999999999378275106209912337362766265869140625,3.410000000000000142108547152020037174224853515625
2,Not Hispanic or Latino,13920,1255,142887,33.340000000000003410605131648480892181396484375,53.92999999999999971578290569595992565155029296875,36.36999999999999744204615126363933086395263671875
3,Unknown,22969,1027,236592,55.02000000000000312638803734444081783294677734375,44.13000000000000255795384873636066913604736328125,60.219999999999998863131622783839702606201171875
