_id,ETHNICITY,COVID_COUNT,COVID_DEATHS,COVID_TEST,COVID_COUNT_PCT,COVID_DEATHS_PCT,COVID_TEST_PCT
1,Hispanic or Latino,4510,42,11505,11.6400000000000005684341886080801486968994140625,1.9099999999999999200639422269887290894985198974609375,3.5099999999999997868371792719699442386627197265625
2,Not Hispanic or Latino,12976,1205,114216,33.49000000000000198951966012828052043914794921875,54.82000000000000028421709430404007434844970703125,34.8900000000000005684341886080801486968994140625
3,Unknown,21262,951,201621,54.86999999999999744204615126363933086395263671875,43.27000000000000312638803734444081783294677734375,61.590000000000003410605131648480892181396484375
