_id,ETHNICITY,COVID_COUNT,COVID_DEATHS,COVID_TEST,COVID_COUNT_PCT,COVID_DEATHS_PCT,COVID_TEST_PCT
1,Hispanic or Latino,4840,45,13202,11.67999999999999971578290569595992565155029296875,1.9499999999999999555910790149937383830547332763671875,3.430000000000000159872115546022541821002960205078125
2,Not Hispanic or Latino,13825,1245,138493,33.3599999999999994315658113919198513031005859375,54.03999999999999914734871708787977695465087890625,36
3,Unknown,22773,1014,233027,54.96000000000000085265128291212022304534912109375,44.00999999999999801048033987171947956085205078125,60.57000000000000028421709430404007434844970703125
