_id,ETHNICITY,COVID_COUNT,COVID_DEATHS,COVID_TEST,COVID_COUNT_PCT,COVID_DEATHS_PCT,COVID_TEST_PCT
1,Hispanic or Latino,4637,43,11917,11.730000000000000426325641456060111522674560546875,1.9299999999999999378275106209912337362766265869140625,3.5
2,Not Hispanic or Latino,13240,1214,118660,33.47999999999999687361196265555918216705322265625,54.4200000000000017053025658242404460906982421875,34.8299999999999982946974341757595539093017578125
3,Unknown,21666,974,210060,54.78999999999999914734871708787977695465087890625,43.659999999999996589394868351519107818603515625,61.6700000000000017053025658242404460906982421875
