_id,ETHNICITY,COVID_COUNT,COVID_DEATHS,COVID_TEST,COVID_COUNT_PCT,COVID_DEATHS_PCT,COVID_TEST_PCT
1,Hispanic or Latino,5022,46,14501,11.6400000000000005684341886080801486968994140625,1.9299999999999999378275106209912337362766265869140625,3.359999999999999875655021241982467472553253173828125
2,Not Hispanic or Latino,14394,1281,162226,33.36999999999999744204615126363933086395263671875,53.68999999999999772626324556767940521240234375,37.56000000000000227373675443232059478759765625
3,Unknown,23724,1059,255156,54.99000000000000198951966012828052043914794921875,44.38000000000000255795384873636066913604736328125,59.0799999999999982946974341757595539093017578125
