_id,ETHNICITY,COVID_COUNT,COVID_DEATHS,COVID_TEST,COVID_COUNT_PCT,COVID_DEATHS_PCT,COVID_TEST_PCT
1,Hispanic or Latino,5001,45,14405,11.6699999999999999289457264239899814128875732421875,1.8899999999999999023003738329862244427204132080078125,3.37999999999999989341858963598497211933135986328125
2,Not Hispanic or Latino,14324,1277,159637,33.409999999999996589394868351519107818603515625,53.719999999999998863131622783839702606201171875,37.43999999999999772626324556767940521240234375
3,Unknown,23546,1055,252334,54.9200000000000017053025658242404460906982421875,44.38000000000000255795384873636066913604736328125,59.17999999999999971578290569595992565155029296875
