_id,ETHNICITY,COVID_COUNT,COVID_DEATHS,COVID_TEST,COVID_COUNT_PCT,COVID_DEATHS_PCT,COVID_TEST_PCT
1,Hispanic or Latino,4898,45,13657,11.6400000000000005684341886080801486968994140625,1.9199999999999999289457264239899814128875732421875,3.399999999999999911182158029987476766109466552734375
2,Not Hispanic or Latino,14019,1261,147001,33.3299999999999982946974341757595539093017578125,53.75,36.590000000000003410605131648480892181396484375
3,Unknown,23144,1040,241144,55.02000000000000312638803734444081783294677734375,44.3299999999999982946974341757595539093017578125,60.02000000000000312638803734444081783294677734375
