_id,ETHNICITY,COVID_COUNT,COVID_DEATHS,COVID_TEST,COVID_COUNT_PCT,COVID_DEATHS_PCT,COVID_TEST_PCT
1,Hispanic or Latino,5058,46,14693,11.589999999999999857891452847979962825775146484375,1.9199999999999999289457264239899814128875732421875,3.310000000000000053290705182007513940334320068359375
2,Not Hispanic or Latino,14543,1285,165367,33.31000000000000227373675443232059478759765625,53.67999999999999971578290569595992565155029296875,37.219999999999998863131622783839702606201171875
3,Unknown,24054,1063,264192,55.10000000000000142108547152020037174224853515625,44.39999999999999857891452847979962825775146484375,59.469999999999998863131622783839702606201171875
