_id,ETHNICITY,COVID_COUNT,COVID_DEATHS,COVID_TEST,COVID_COUNT_PCT,COVID_DEATHS_PCT,COVID_TEST_PCT
1,Hispanic or Latino,4940,45,13998,11.6400000000000005684341886080801486968994140625,1.9099999999999999200639422269887290894985198974609375,3.399999999999999911182158029987476766109466552734375
2,Not Hispanic or Latino,14164,1264,152287,33.3900000000000005684341886080801486968994140625,53.78999999999999914734871708787977695465087890625,36.969999999999998863131622783839702606201171875
3,Unknown,23319,1041,245635,54.969999999999998863131622783839702606201171875,44.2999999999999971578290569595992565155029296875,59.63000000000000255795384873636066913604736328125
