_id,ETHNICITY,COVID_COUNT,COVID_DEATHS,COVID_TEST,COVID_COUNT_PCT,COVID_DEATHS_PCT,COVID_TEST_PCT
1,Hispanic or Latino,5092,46,14899,11.53999999999999914734871708787977695465087890625,1.9099999999999999200639422269887290894985198974609375,3.279999999999999804600747665972448885440826416015625
2,Not Hispanic or Latino,14694,1288,169099,33.28999999999999914734871708787977695465087890625,53.60000000000000142108547152020037174224853515625,37.25999999999999801048033987171947956085205078125
3,Unknown,24354,1069,269892,55.1700000000000017053025658242404460906982421875,44.49000000000000198951966012828052043914794921875,59.46000000000000085265128291212022304534912109375
