_id,ETHNICITY,COVID_COUNT,COVID_DEATHS,COVID_TEST,COVID_COUNT_PCT,COVID_DEATHS_PCT,COVID_TEST_PCT
1,Hispanic or Latino,5138,46,15197,11.5299999999999993605115378159098327159881591796875,1.899999999999999911182158029987476766109466552734375,3.279999999999999804600747665972448885440826416015625
2,Not Hispanic or Latino,14859,1296,173482,33.3299999999999982946974341757595539093017578125,53.469999999999998863131622783839702606201171875,37.469999999999998863131622783839702606201171875
3,Unknown,24578,1082,274338,55.1400000000000005684341886080801486968994140625,44.6400000000000005684341886080801486968994140625,59.25
