_id,ETHNICITY,COVID_COUNT,COVID_DEATHS,COVID_TEST,COVID_COUNT_PCT,COVID_DEATHS_PCT,COVID_TEST_PCT
1,Hispanic or Latino,4965,45,14206,11.6500000000000003552713678800500929355621337890625,1.899999999999999911182158029987476766109466552734375,3.390000000000000124344978758017532527446746826171875
2,Not Hispanic or Latino,14247,1272,156092,33.4200000000000017053025658242404460906982421875,53.8299999999999982946974341757595539093017578125,37.25999999999999801048033987171947956085205078125
3,Unknown,23421,1046,248618,54.93999999999999772626324556767940521240234375,44.27000000000000312638803734444081783294677734375,59.35000000000000142108547152020037174224853515625
