_id,ETHNICITY,COVID_COUNT,COVID_DEATHS,COVID_TEST,COVID_COUNT_PCT,COVID_DEATHS_PCT,COVID_TEST_PCT
1,Hispanic or Latino,5213,46,15686,11.42999999999999971578290569595992565155029296875,1.87999999999999989341858963598497211933135986328125,3.2400000000000002131628207280300557613372802734375
2,Not Hispanic or Latino,15191,1305,181275,33.32000000000000028421709430404007434844970703125,53.31000000000000227373675443232059478759765625,37.43999999999999772626324556767940521240234375
3,Unknown,25190,1097,287235,55.25,44.81000000000000227373675443232059478759765625,59.32000000000000028421709430404007434844970703125
