_id,m1d_ethnicity,m1d_covid_tests,m1d_covid_cases,m1d_covid_deaths,m1d_covid_tests_pct,m1d_covid_cases_pct,m1d_covid_deaths_pct
1,Hispanic or Latino,17564,5604,49,3.2400000000000002131628207280300557613372802734375,11.300000000000000710542735760100185871124267578125,1.9199999999999999289457264239899814128875732421875
2,Not Hispanic or Latino,206107,16536,1350,38.00999999999999801048033987171947956085205078125,33.3599999999999994315658113919198513031005859375,53.02000000000000312638803734444081783294677734375
3,Unknown,318621,27435,1147,58.75,55.340000000000003410605131648480892181396484375,45.0499999999999971578290569595992565155029296875
