_id,ETHNICITY,COVID_COUNT,COVID_DEATHS,COVID_TEST,COVID_COUNT_PCT,COVID_DEATHS_PCT,COVID_TEST_PCT
1,Hispanic or Latino,5519,49,17318,11.3499999999999996447286321199499070644378662109375,1.939999999999999946709294817992486059665679931640625,3.270000000000000017763568394002504646778106689453125
2,Not Hispanic or Latino,16266,1340,201672,33.4500000000000028421709430404007434844970703125,53.090000000000003410605131648480892181396484375,38.0499999999999971578290569595992565155029296875
3,Unknown,26841,1135,311085,55.2000000000000028421709430404007434844970703125,44.969999999999998863131622783839702606201171875,58.68999999999999772626324556767940521240234375
