_id,ETHNICITY,COVID_COUNT,COVID_DEATHS,COVID_TEST,COVID_COUNT_PCT,COVID_DEATHS_PCT,COVID_TEST_PCT
1,Hispanic or Latino,5566,49,17410,11.339999999999999857891452847979962825775146484375,1.9299999999999999378275106209912337362766265869140625,3.25
2,Not Hispanic or Latino,16375,1345,203156,33.38000000000000255795384873636066913604736328125,52.969999999999998863131622783839702606201171875,37.909999999999996589394868351519107818603515625
3,Unknown,27122,1145,315291,55.280000000000001136868377216160297393798828125,45.10000000000000142108547152020037174224853515625,58.840000000000003410605131648480892181396484375
