_id,ETHNICITY,COVID_COUNT,COVID_DEATHS,COVID_TEST,COVID_COUNT_PCT,COVID_DEATHS_PCT,COVID_TEST_PCT
1,Hispanic or Latino,5494,48,17219,11.3699999999999992184029906638897955417633056640625,1.9199999999999999289457264239899814128875732421875,3.270000000000000017763568394002504646778106689453125
2,Not Hispanic or Latino,16179,1336,200410,33.47999999999999687361196265555918216705322265625,53.3299999999999982946974341757595539093017578125,38.06000000000000227373675443232059478759765625
3,Unknown,26658,1121,308963,55.159999999999996589394868351519107818603515625,44.75,58.6700000000000017053025658242404460906982421875
