_id,ETHNICITY,COVID_COUNT,COVID_DEATHS,COVID_TEST,COVID_COUNT_PCT,COVID_DEATHS_PCT,COVID_TEST_PCT
1,Hispanic or Latino,5475,48,17130,11.4000000000000003552713678800500929355621337890625,1.9199999999999999289457264239899814128875732421875,3.279999999999999804600747665972448885440826416015625
2,Not Hispanic or Latino,16071,1333,198259,33.47999999999999687361196265555918216705322265625,53.32000000000000028421709430404007434844970703125,38
3,Unknown,26462,1119,306333,55.11999999999999744204615126363933086395263671875,44.75999999999999801048033987171947956085205078125,58.719999999999998863131622783839702606201171875
