_id,ETHNICITY,COVID_COUNT,COVID_DEATHS,COVID_TEST,COVID_COUNT_PCT,COVID_DEATHS_PCT,COVID_TEST_PCT
1,Hispanic or Latino,5330,47,16254,11.4900000000000002131628207280300557613372802734375,1.899999999999999911182158029987476766109466552734375,3.270000000000000017763568394002504646778106689453125
2,Not Hispanic or Latino,15467,1315,186392,33.340000000000003410605131648480892181396484375,53.25999999999999801048033987171947956085205078125,37.52000000000000312638803734444081783294677734375
3,Unknown,25590,1107,294189,55.1700000000000017053025658242404460906982421875,44.840000000000003410605131648480892181396484375,59.21000000000000085265128291212022304534912109375
