_id,ETHNICITY,COVID_TEST,COVID_COUNT,COVID_DEATHS,COVID_TEST_PCT,COVID_COUNT_PCT,COVID_DEATHS_PCT
1,Hispanic or Latino,18257,5737,50,3.270000000000000017763568394002504646778106689453125,11.230000000000000426325641456060111522674560546875,1.9499999999999999555910790149937383830547332763671875
2,Not Hispanic or Latino,212522,17116,1357,38.0799999999999982946974341757595539093017578125,33.50999999999999801048033987171947956085205078125,52.9500000000000028421709430404007434844970703125
3,Unknown,327367,28226,1156,58.64999999999999857891452847979962825775146484375,55.25999999999999801048033987171947956085205078125,45.10000000000000142108547152020037174224853515625
