_id,ETHNICITY,COVID_TEST,COVID_COUNT,COVID_DEATHS,COVID_TEST_PCT,COVID_COUNT_PCT,COVID_DEATHS_PCT
1,Hispanic or Latino,18617,5805,51,3.29999999999999982236431605997495353221893310546875,11.25,1.9899999999999999911182158029987476766109466552734375
2,Not Hispanic or Latino,215148,17255,1357,38.10000000000000142108547152020037174224853515625,33.42999999999999971578290569595992565155029296875,52.8599999999999994315658113919198513031005859375
3,Unknown,330882,28552,1159,58.60000000000000142108547152020037174224853515625,55.32000000000000028421709430404007434844970703125,45.14999999999999857891452847979962825775146484375
