_id,ETHNICITY,COVID_TEST,COVID_COUNT,COVID_DEATHS,COVID_TEST_PCT,COVID_COUNT_PCT,COVID_DEATHS_PCT
1,Hispanic or Latino,18757,5827,51,3.29000000000000003552713678800500929355621337890625,11.199999999999999289457264239899814128875732421875,1.9899999999999999911182158029987476766109466552734375
2,Not Hispanic or Latino,218089,17435,1357,38.22999999999999687361196265555918216705322265625,33.50999999999999801048033987171947956085205078125,52.82000000000000028421709430404007434844970703125
3,Unknown,333563,28775,1161,58.47999999999999687361196265555918216705322265625,55.2999999999999971578290569595992565155029296875,45.18999999999999772626324556767940521240234375
