_id,ETHNICITY,COVID_TEST,COVID_COUNT,COVID_DEATHS,COVID_TEST_PCT,COVID_COUNT_PCT,COVID_DEATHS_PCT
1,Hispanic or Latino,19226,5902,51,3.319999999999999840127884453977458178997039794921875,11.199999999999999289457264239899814128875732421875,1.979999999999999982236431605997495353221893310546875
2,Not Hispanic or Latino,222122,17685,1362,38.39999999999999857891452847979962825775146484375,33.57000000000000028421709430404007434844970703125,52.75
3,Unknown,337061,29098,1169,58.27000000000000312638803734444081783294677734375,55.22999999999999687361196265555918216705322265625,45.27000000000000312638803734444081783294677734375
