_id,ETHNICITY,COVID_TEST,COVID_COUNT,COVID_DEATHS,COVID_TEST_PCT,COVID_COUNT_PCT,COVID_DEATHS_PCT
1,Hispanic or Latino,19569,5971,51,3.339999999999999857891452847979962825775146484375,11.1899999999999995026200849679298698902130126953125,1.9699999999999999733546474089962430298328399658203125
2,Not Hispanic or Latino,225000,17907,1367,38.3599999999999994315658113919198513031005859375,33.5499999999999971578290569595992565155029296875,52.74000000000000198951966012828052043914794921875
3,Unknown,342020,29492,1174,58.31000000000000227373675443232059478759765625,55.25999999999999801048033987171947956085205078125,45.28999999999999914734871708787977695465087890625
