_id,ETHNICITY,COVID_TEST,COVID_COUNT,COVID_DEATHS,COVID_TEST_PCT,COVID_COUNT_PCT,COVID_DEATHS_PCT
1,Hispanic or Latino,20640,6190,52,3.359999999999999875655021241982467472553253173828125,11.1199999999999992184029906638897955417633056640625,1.979999999999999982236431605997495353221893310546875
2,Not Hispanic or Latino,238595,18794,1380,38.8299999999999982946974341757595539093017578125,33.77000000000000312638803734444081783294677734375,52.530000000000001136868377216160297393798828125
3,Unknown,355220,30670,1195,57.81000000000000227373675443232059478759765625,55.1099999999999994315658113919198513031005859375,45.49000000000000198951966012828052043914794921875
