_id,ETHNICITY,COVID_TEST,COVID_COUNT,COVID_DEATHS,COVID_TEST_PCT,COVID_COUNT_PCT,COVID_DEATHS_PCT
1,Hispanic or Latino,20163,6102,51,3.3300000000000000710542735760100185871124267578125,11.1300000000000007815970093361102044582366943359375,1.9499999999999999555910790149937383830547332763671875
2,Not Hispanic or Latino,233526,18451,1373,38.61999999999999744204615126363933086395263671875,33.659999999999996589394868351519107818603515625,52.6099999999999994315658113919198513031005859375
3,Unknown,350946,30260,1186,58.03999999999999914734871708787977695465087890625,55.21000000000000085265128291212022304534912109375,45.43999999999999772626324556767940521240234375
