_id,ETHNICITY,COVID_TEST,COVID_COUNT,COVID_DEATHS,COVID_TEST_PCT,COVID_COUNT_PCT,COVID_DEATHS_PCT
1,Hispanic or Latino,21404,6300,52,3.410000000000000142108547152020037174224853515625,11.1400000000000005684341886080801486968994140625,1.979999999999999982236431605997495353221893310546875
2,Not Hispanic or Latino,244330,19160,1380,38.97999999999999687361196265555918216705322265625,33.86999999999999744204615126363933086395263671875,52.49000000000000198951966012828052043914794921875
3,Unknown,361146,31111,1197,57.6099999999999994315658113919198513031005859375,54.99000000000000198951966012828052043914794921875,45.530000000000001136868377216160297393798828125
