_id,ETHNICITY,COVID_TEST,COVID_COUNT,COVID_DEATHS,COVID_TEST_PCT,COVID_COUNT_PCT,COVID_DEATHS_PCT
1,Hispanic or Latino,24708,6870,54,3.4900000000000002131628207280300557613372802734375,10.9199999999999999289457264239899814128875732421875,1.9899999999999999911182158029987476766109466552734375
2,Not Hispanic or Latino,282227,21614,1409,39.86999999999999744204615126363933086395263671875,34.3599999999999994315658113919198513031005859375,52.00999999999999801048033987171947956085205078125
3,Unknown,400856,34423,1246,56.63000000000000255795384873636066913604736328125,54.719999999999998863131622783839702606201171875,45.99000000000000198951966012828052043914794921875
