_id,ETHNICITY,COVID_TEST,COVID_COUNT,COVID_DEATHS,COVID_TEST_PCT,COVID_COUNT_PCT,COVID_DEATHS_PCT
1,Hispanic or Latino,23863,6742,54,3.45999999999999996447286321199499070644378662109375,10.96000000000000085265128291212022304534912109375,2
2,Not Hispanic or Latino,274596,21087,1406,39.780000000000001136868377216160297393798828125,34.280000000000001136868377216160297393798828125,52.1099999999999994315658113919198513031005859375
3,Unknown,391815,33691,1238,56.75999999999999801048033987171947956085205078125,54.75999999999999801048033987171947956085205078125,45.8900000000000005684341886080801486968994140625
