_id,ETHNICITY,COVID_TEST,COVID_COUNT,COVID_DEATHS,COVID_TEST_PCT,COVID_COUNT_PCT,COVID_DEATHS_PCT
1,Hispanic or Latino,21786,6347,52,3.430000000000000159872115546022541821002960205078125,11.089999999999999857891452847979962825775146484375,1.979999999999999982236431605997495353221893310546875
2,Not Hispanic or Latino,248244,19418,1381,39.0499999999999971578290569595992565155029296875,33.93999999999999772626324556767940521240234375,52.469999999999998863131622783839702606201171875
3,Unknown,365630,31441,1199,57.52000000000000312638803734444081783294677734375,54.96000000000000085265128291212022304534912109375,45.5499999999999971578290569595992565155029296875
