_id,ETHNICITY,COVID_TEST,COVID_COUNT,COVID_DEATHS,COVID_TEST_PCT,COVID_COUNT_PCT,COVID_DEATHS_PCT
1,Hispanic or Latino,24984,6922,54,3.4900000000000002131628207280300557613372802734375,10.8699999999999992184029906638897955417633056640625,1.979999999999999982236431605997495353221893310546875
2,Not Hispanic or Latino,286149,21924,1420,39.9200000000000017053025658242404460906982421875,34.42999999999999971578290569595992565155029296875,52.1099999999999994315658113919198513031005859375
3,Unknown,405676,34832,1251,56.590000000000003410605131648480892181396484375,54.7000000000000028421709430404007434844970703125,45.909999999999996589394868351519107818603515625
