_id,ETHNICITY,COVID_TEST,COVID_COUNT,COVID_DEATHS,COVID_TEST_PCT,COVID_COUNT_PCT,COVID_DEATHS_PCT
1,Hispanic or Latino,24404,6815,54,3.479999999999999982236431605997495353221893310546875,10.92999999999999971578290569595992565155029296875,2
2,Not Hispanic or Latino,279229,21382,1408,39.82000000000000028421709430404007434844970703125,34.280000000000001136868377216160297393798828125,52.030000000000001136868377216160297393798828125
3,Unknown,397678,34175,1244,56.7000000000000028421709430404007434844970703125,54.78999999999999914734871708787977695465087890625,45.969999999999998863131622783839702606201171875
