_id,ETHNICITY,COVID_TEST,COVID_COUNT,COVID_DEATHS,COVID_TEST_PCT,COVID_COUNT_PCT,COVID_DEATHS_PCT
1,Hispanic or Latino,22416,6472,53,3.430000000000000159872115546022541821002960205078125,11.0299999999999993605115378159098327159881591796875,1.9899999999999999911182158029987476766109466552734375
2,Not Hispanic or Latino,256046,19909,1395,39.13000000000000255795384873636066913604736328125,33.92999999999999971578290569595992565155029296875,52.3299999999999982946974341757595539093017578125
3,Unknown,375951,32292,1218,57.4500000000000028421709430404007434844970703125,55.03999999999999914734871708787977695465087890625,45.68999999999999772626324556767940521240234375
