_id,ETHNICITY,COVID_TEST,COVID_COUNT,COVID_DEATHS,COVID_TEST_PCT,COVID_COUNT_PCT,COVID_DEATHS_PCT
1,Hispanic or Latino,26002,7100,55,3.479999999999999982236431605997495353221893310546875,10.730000000000000426325641456060111522674560546875,1.9899999999999999911182158029987476766109466552734375
2,Not Hispanic or Latino,299311,22870,1438,40.0499999999999971578290569595992565155029296875,34.57000000000000028421709430404007434844970703125,52.00999999999999801048033987171947956085205078125
3,Unknown,422070,36184,1272,56.469999999999998863131622783839702606201171875,54.7000000000000028421709430404007434844970703125,46
