_id,ETHNICITY,COVID_TEST,COVID_COUNT,COVID_DEATHS,COVID_TEST_PCT,COVID_COUNT_PCT,COVID_DEATHS_PCT
1,Hispanic or Latino,25566,7030,55,3.470000000000000195399252334027551114559173583984375,10.769999999999999573674358543939888477325439453125,2
2,Not Hispanic or Latino,293852,22517,1429,39.92999999999999971578290569595992565155029296875,34.50999999999999801048033987171947956085205078125,52.03999999999999914734871708787977695465087890625
3,Unknown,416430,35706,1262,56.590000000000003410605131648480892181396484375,54.719999999999998863131622783839702606201171875,45.96000000000000085265128291212022304534912109375
