_id,ETHNICITY,COVID_TEST,COVID_COUNT,COVID_DEATHS,COVID_TEST_PCT,COVID_COUNT_PCT,COVID_DEATHS_PCT
1,Hispanic or Latino,28696,7482,60,3.5099999999999997868371792719699442386627197265625,10.3599999999999994315658113919198513031005859375,2.12999999999999989341858963598497211933135986328125
2,Not Hispanic or Latino,329943,25267,1460,40.38000000000000255795384873636066913604736328125,34.969999999999998863131622783839702606201171875,51.75
3,Unknown,458465,39505,1301,56.1099999999999994315658113919198513031005859375,54.67999999999999971578290569595992565155029296875,46.11999999999999744204615126363933086395263671875
