_id,ETHNICITY,COVID_TEST,COVID_COUNT,COVID_DEATHS,COVID_TEST_PCT,COVID_COUNT_PCT,COVID_DEATHS_PCT
1,Hispanic or Latino,27154,7202,57,3.529999999999999804600747665972448885440826416015625,10.6099999999999994315658113919198513031005859375,2.04999999999999982236431605997495353221893310546875
2,Not Hispanic or Latino,309515,23593,1439,40.25,34.77000000000000312638803734444081783294677734375,51.8599999999999994315658113919198513031005859375
3,Unknown,432374,37062,1279,56.219999999999998863131622783839702606201171875,54.61999999999999744204615126363933086395263671875,46.090000000000003410605131648480892181396484375
