_id,ETHNICITY,COVID_TEST,COVID_COUNT,COVID_DEATHS,COVID_TEST_PCT,COVID_COUNT_PCT,COVID_DEATHS_PCT
1,Hispanic or Latino,27743,7323,57,3.5,10.4700000000000006394884621840901672840118408203125,2.029999999999999804600747665972448885440826416015625
2,Not Hispanic or Latino,317653,24287,1452,40.10000000000000142108547152020037174224853515625,34.71000000000000085265128291212022304534912109375,51.75999999999999801048033987171947956085205078125
3,Unknown,446829,38365,1296,56.39999999999999857891452847979962825775146484375,54.8299999999999982946974341757595539093017578125,46.2000000000000028421709430404007434844970703125
