_id,ETHNICITY,COVID_TEST,COVID_COUNT,COVID_DEATHS,COVID_TEST_PCT,COVID_COUNT_PCT,COVID_DEATHS_PCT
1,Hispanic or Latino,28207,7377,59,3.5099999999999997868371792719699442386627197265625,10.3900000000000005684341886080801486968994140625,2.100000000000000088817841970012523233890533447265625
2,Not Hispanic or Latino,323609,24726,1455,40.22999999999999687361196265555918216705322265625,34.82000000000000028421709430404007434844970703125,51.75999999999999801048033987171947956085205078125
3,Unknown,452529,38912,1297,56.25999999999999801048033987171947956085205078125,54.78999999999999914734871708787977695465087890625,46.1400000000000005684341886080801486968994140625
