_id,ETHNICITY,COVID_TEST,COVID_COUNT,COVID_DEATHS,COVID_TEST_PCT,COVID_COUNT_PCT,COVID_DEATHS_PCT
1,Hispanic or Latino,26452,7165,57,3.4900000000000002131628207280300557613372802734375,10.6699999999999999289457264239899814128875732421875,2.060000000000000053290705182007513940334320068359375
2,Not Hispanic or Latino,304716,23289,1438,40.1700000000000017053025658242404460906982421875,34.7000000000000028421709430404007434844970703125,51.8900000000000005684341886080801486968994140625
3,Unknown,427438,36668,1276,56.35000000000000142108547152020037174224853515625,54.63000000000000255795384873636066913604736328125,46.0499999999999971578290569595992565155029296875
