_id,ETHNICITY,COVID_TEST,COVID_COUNT,COVID_DEATHS,COVID_TEST_PCT,COVID_COUNT_PCT,COVID_DEATHS_PCT
1,Hispanic or Latino,28811,7554,60,3.479999999999999982236431605997495353221893310546875,10.3100000000000004973799150320701301097869873046875,2.12000000000000010658141036401502788066864013671875
2,Not Hispanic or Latino,332647,25744,1466,40.14999999999999857891452847979962825775146484375,35.13000000000000255795384873636066913604736328125,51.72999999999999687361196265555918216705322265625
3,Unknown,467008,39989,1308,56.36999999999999744204615126363933086395263671875,54.56000000000000227373675443232059478759765625,46.14999999999999857891452847979962825775146484375
