_id,ETHNICITY,COVID_TEST,COVID_COUNT,COVID_DEATHS,COVID_TEST_PCT,COVID_COUNT_PCT,COVID_DEATHS_PCT
1,Hispanic or Latino,27554,7289,57,3.5099999999999997868371792719699442386627197265625,10.519999999999999573674358543939888477325439453125,2.04000000000000003552713678800500929355621337890625
2,Not Hispanic or Latino,315401,24039,1447,40.17999999999999971578290569595992565155029296875,34.71000000000000085265128291212022304534912109375,51.78999999999999914734871708787977695465087890625
3,Unknown,442063,37927,1290,56.31000000000000227373675443232059478759765625,54.75999999999999801048033987171947956085205078125,46.1700000000000017053025658242404460906982421875
