_id,ETHNICITY,COVID_TEST,COVID_COUNT,COVID_DEATHS,COVID_TEST_PCT,COVID_COUNT_PCT,COVID_DEATHS_PCT
1,Hispanic or Latino,27296,7234,57,3.520000000000000017763568394002504646778106689453125,10.57000000000000028421709430404007434844970703125,2.04999999999999982236431605997495353221893310546875
2,Not Hispanic or Latino,311663,23740,1441,40.18999999999999772626324556767940521240234375,34.68999999999999772626324556767940521240234375,51.8299999999999982946974341757595539093017578125
3,Unknown,436523,37459,1282,56.28999999999999914734871708787977695465087890625,54.74000000000000198951966012828052043914794921875,46.11999999999999744204615126363933086395263671875
