_id,ETHNICITY,COVID_TEST,COVID_COUNT,COVID_DEATHS,COVID_TEST_PCT,COVID_COUNT_PCT,COVID_DEATHS_PCT
1,Hispanic or Latino,29278,7625,60,3.479999999999999982236431605997495353221893310546875,10.2599999999999997868371792719699442386627197265625,2.12000000000000010658141036401502788066864013671875
2,Not Hispanic or Latino,338963,26207,1467,40.2999999999999971578290569595992565155029296875,35.25999999999999801048033987171947956085205078125,51.75
3,Unknown,472884,40496,1308,56.219999999999998863131622783839702606201171875,54.47999999999999687361196265555918216705322265625,46.1400000000000005684341886080801486968994140625
