_id,ETHNICITY,COVID_TEST,COVID_COUNT,COVID_DEATHS,COVID_TEST_PCT,COVID_COUNT_PCT,COVID_DEATHS_PCT
1,Hispanic or Latino,29502,7656,60,3.45999999999999996447286321199499070644378662109375,10.21000000000000085265128291212022304534912109375,2.109999999999999875655021241982467472553253173828125
2,Not Hispanic or Latino,343685,26458,1469,40.3299999999999982946974341757595539093017578125,35.280000000000001136868377216160297393798828125,51.75999999999999801048033987171947956085205078125
3,Unknown,478924,40878,1309,56.2000000000000028421709430404007434844970703125,54.50999999999999801048033987171947956085205078125,46.11999999999999744204615126363933086395263671875
